-- phpMyAdmin SQL Dump
-- version 4.1.14
-- http://www.phpmyadmin.net
--
-- Host: 127.0.0.1
-- Generation Time: 29 Wrz 2016, 13:49
-- Server version: 5.6.17
-- PHP Version: 5.5.12

SET SQL_MODE = "NO_AUTO_VALUE_ON_ZERO";
SET time_zone = "+00:00";


/*!40101 SET @OLD_CHARACTER_SET_CLIENT=@@CHARACTER_SET_CLIENT */;
/*!40101 SET @OLD_CHARACTER_SET_RESULTS=@@CHARACTER_SET_RESULTS */;
/*!40101 SET @OLD_COLLATION_CONNECTION=@@COLLATION_CONNECTION */;
/*!40101 SET NAMES utf8 */;

--
-- Database: `komis`
--

-- --------------------------------------------------------

--
-- Struktura tabeli dla tabeli `auto`
--

CREATE TABLE IF NOT EXISTS `auto` (
  `id` int(11) NOT NULL,
  `marka` varchar(45) CHARACTER SET utf8 COLLATE utf8_bin NOT NULL,
  `kolor` varchar(45) NOT NULL,
  `przebieg` int(11) NOT NULL,
  `cena_pln` int(11) DEFAULT NULL,
  `cena_eu` int(11) DEFAULT NULL,
  `poj_silnika` decimal(3,1) DEFAULT NULL,
  `komis_id` int(11) NOT NULL,
  PRIMARY KEY (`id`)
) ENGINE=InnoDB DEFAULT CHARSET=utf8 COMMENT='				';

--
-- Zrzut danych tabeli `auto`
--

INSERT INTO `auto` (`id`, `marka`, `kolor`, `przebieg`, `cena_pln`, `cena_eu`, `poj_silnika`, `komis_id`) VALUES
(1, 'BMW', 'niebieski', 68757, 86663, 17564, '1.4', 4),
(2, 'Mazda', 'niebieski', 84934, 55000, 1415, '2.0', 2),
(3, 'Mercedes', 'czarny', 50673, 99216, 11240, '1.4', 4),
(4, 'Mazda', 'zielony', 10807, 97313, 9859, '1.6', 5),
(5, 'Opel', 'różowy', 46363, 89014, 18526, '3.0', 2),
(6, 'Mercedes', 'czerwony', 30554, 61849, 6585, '3.0', 8),
(7, 'Mercedes', 'czerwony', 27583, 88340, 11965, '0.0', 4),
(8, 'BMW', 'zielony', 45431, 7322, 6800, '1.8', 1),
(9, 'Opel', 'czerwony', 38912, 24487, 12469, '1.6', 10),
(10, 'Fiat', 'czerwony', 37867, 27815, 7114, '1.4', 7),
(11, 'Fiat', 'zielony', 77863, 53550, 10812, '2.0', 10),
(12, 'BMW', 'czarny', 33208, 54301, 5607, '1.0', 5),
(13, 'Opel', 'niebieski', 91416, 62957, 12899, '1.0', 2),
(14, 'Mercedes', 'czerwony', 6125, 29110, 4557, '1.2', 10),
(15, 'Mercedes', 'czerwony', 33256, 87521, 13189, '3.5', 3),
(16, 'Opel', 'czerwony', 59809, 70020, 1409, '1.8', 1),
(17, 'Fiat', 'czarny', 20866, 63571, 19577, '0.0', 4),
(18, 'BMW', 'czarny', 48491, 29888, 12266, '3.0', 5),
(19, 'Mazda', 'zielony', 7023, 1615, 10230, '1.8', 7),
(20, 'Opel', 'niebieski', 16540, 91495, 701, '1.4', 1),
(21, 'Mazda', 'zielony', 37357, 15284, 1352, '0.0', 8),
(22, 'BMW', 'czarny', 91829, 52646, 5971, '1.4', 6),
(23, 'Fiat', 'niebieski', 78974, 95281, 16650, '1.4', 3),
(24, 'Fiat', 'zielony', 37382, 35998, 2006, '1.0', 8),
(25, 'Fiat', 'niebieski', 72255, 8933, 2864, '1.8', 6),
(26, 'Opel', 'zielony', 50650, 76191, 3929, '1.0', 6),
(27, 'Opel', 'niebieski', 28644, 70936, 19684, '3.0', 7),
(28, 'Mercedes', 'czarny', 68714, 21421, 9306, '1.2', 6),
(29, 'Mazda', 'czarny', 42080, 58378, 18746, '1.8', 9),
(30, 'Mazda', 'niebieski', 69424, 13873, 10955, '1.8', 8),
(31, 'Opel', 'niebieski', 72393, 70250, 19533, '3.0', 8),
(32, 'Fiat', 'czarny', 60719, 65979, 4763, '1.4', 7),
(33, 'BMW', 'zielony', 41825, 46343, 17751, '3.0', 3),
(34, 'Mazda', 'czarny', 59210, 19714, 13471, '3.0', 8),
(35, 'BMW', 'niebieski', 36147, 77541, 4107, '0.0', 6),
(36, 'Mercedes', 'zielony', 13439, 98466, 4784, '1.4', 2),
(37, 'Fiat', 'niebieski', 47722, 47351, 3075, '0.0', 2),
(38, 'Opel', 'zielony', 57813, 55582, 13774, '0.0', 6),
(39, 'Mazda', 'różowy', 84039, 78982, 1579, '1.8', 9),
(40, 'BMW', 'zielony', 46768, 72976, 6482, '1.2', 4),
(41, 'Opel', 'czerwony', 43364, 30669, 13357, '1.4', 5),
(42, 'Mazda', 'zielony', 23364, 74210, 8620, '1.4', 5),
(43, 'Opel', 'niebieski', 49759, 77797, 4510, '1.4', 4),
(44, 'Opel', 'czarny', 25697, 89909, 9126, '0.0', 10),
(45, 'Mercedes', 'różowy', 97702, 39006, 17518, '1.2', 6),
(46, 'Opel', 'różowy', 79557, 24275, 2052, '1.0', 7),
(47, 'Fiat', 'niebieski', 64933, 7071, 9226, '1.4', 5),
(48, 'Mazda', 'czarny', 53263, 53924, 3739, '1.2', 6),
(49, 'BMW', 'czerwony', 2589, 2276, 1740, '1.0', 9),
(50, 'BMW', 'różowy', 5312, 3889, 4668, '1.8', 3),
(51, 'Mazda', 'różowy', 91533, 69637, 15099, '3.5', 9),
(52, 'BMW', 'niebieski', 27830, 7600, 3615, '3.0', 8),
(53, 'Mazda', 'różowy', 88235, 24757, 18632, '1.4', 7),
(54, 'Opel', 'czerwony', 3827, 50259, 3681, '1.2', 7),
(55, 'Fiat', 'czarny', 36242, 99936, 3750, '1.6', 4),
(56, 'Fiat', 'różowy', 54459, 49416, 7387, '1.4', 2),
(57, 'BMW', 'niebieski', 25784, 7817, 627, '0.0', 5),
(58, 'Fiat', 'czarny', 86581, 8540, 14000, '3.0', 10),
(59, 'BMW', 'zielony', 50176, 84568, 9095, '2.0', 5),
(60, 'Fiat', 'czarny', 74051, 43378, 1670, '2.0', 9),
(61, 'Mercedes', 'niebieski', 85097, 1288, 19449, '1.6', 1),
(62, 'Mazda', 'niebieski', 47166, 96527, 5272, '0.0', 10),
(63, 'Mazda', 'zielony', 43725, 7103, 5892, '1.0', 10),
(64, 'Mercedes', 'różowy', 39235, 61283, 901, '3.0', 6),
(65, 'Mercedes', 'zielony', 28009, 95025, 16438, '2.0', 10),
(66, 'Mazda', 'różowy', 44135, 41655, 12243, '1.8', 4),
(67, 'Opel', 'czerwony', 55706, 42830, 2935, '0.0', 6),
(68, 'Fiat', 'czarny', 6574, 58358, 18030, '2.0', 2),
(69, 'Mercedes', 'zielony', 32784, 59760, 5746, '1.4', 5),
(70, 'Mazda', 'niebieski', 34884, 72207, 8702, '1.8', 8),
(71, 'BMW', 'czerwony', 61699, 45307, 5792, '3.0', 8),
(72, 'Opel', 'zielony', 80644, 38890, 10534, '0.0', 4),
(73, 'BMW', 'czarny', 29759, 67240, 14139, '1.6', 4),
(74, 'Mercedes', 'czerwony', 9895, 21273, 19416, '1.0', 5),
(75, 'Fiat', 'czerwony', 70545, 18273, 10850, '3.5', 3),
(76, 'Mazda', 'czerwony', 72145, 87815, 7028, '1.4', 4),
(77, 'Opel', 'różowy', 94074, 15489, 12619, '0.0', 7),
(78, 'Opel', 'czerwony', 93120, 59665, 2609, '3.0', 3),
(79, 'Mercedes', 'czerwony', 36626, 40407, 7063, '3.5', 1),
(80, 'Opel', 'niebieski', 38427, 83826, 9257, '1.0', 1),
(81, 'BMW', 'różowy', 80431, 45864, 10163, '1.8', 5),
(82, 'Mazda', 'zielony', 10795, 98252, 8839, '1.0', 4),
(83, 'Opel', 'czerwony', 34857, 16083, 18921, '3.5', 5),
(84, 'Fiat', 'czarny', 45338, 81081, 16781, '1.0', 8),
(85, 'Fiat', 'niebieski', 20421, 84715, 19987, '2.0', 2),
(86, 'Opel', 'niebieski', 40847, 17183, 16791, '3.0', 2),
(87, 'Opel', 'czarny', 73362, 42807, 466, '2.0', 5),
(88, 'Mazda', 'czarny', 72756, 36737, 19880, '1.8', 7),
(89, 'Fiat', 'niebieski', 88907, 46412, 18226, '0.0', 5),
(90, 'BMW', 'zielony', 42205, 59501, 6504, '2.0', 2),
(91, 'Mazda', 'zielony', 85457, 76806, 1177, '2.0', 4),
(92, 'Mazda', 'różowy', 49772, 15428, 731, '1.0', 9),
(93, 'Mercedes', 'zielony', 74074, 74258, 19877, '1.0', 3),
(94, 'BMW', 'czarny', 37202, 62887, 6565, '1.0', 8),
(95, 'BMW', 'czarny', 19725, 82655, 2395, '3.5', 9),
(96, 'Opel', 'zielony', 4777, 90836, 19849, '1.8', 8),
(97, 'Fiat', 'zielony', 30917, 60290, 15362, '2.0', 6),
(98, 'BMW', 'czarny', 76950, 37343, 10305, '1.6', 3),
(99, 'Mercedes', 'zielony', 5485, 46611, 12618, '3.0', 5),
(100, 'Fiat', 'niebieski', 62964, 64938, 7310, '1.0', 4),
(101, 'Opel', 'czarny', 78103, 5460, 8056, '1.2', 7),
(102, 'BMW', 'różowy', 33248, 43695, 491, '1.8', 3),
(103, 'Mazda', 'niebieski', 48613, 2365, 12392, '1.8', 6),
(104, 'Mazda', 'niebieski', 25343, 36251, 9505, '1.6', 8),
(105, 'Mercedes', 'czerwony', 81672, 2807, 632, '2.0', 7),
(106, 'Opel', 'czerwony', 8958, 46032, 10429, '1.8', 1),
(107, 'Fiat', 'czerwony', 13827, 41907, 14190, '1.0', 1),
(108, 'Mazda', 'niebieski', 957, 20388, 13570, '1.2', 5),
(109, 'Mazda', 'czarny', 34616, 44290, 10335, '1.8', 4),
(110, 'Fiat', 'czarny', 79528, 89195, 3322, '1.0', 4),
(111, 'BMW', 'czarny', 55006, 71850, 3695, '3.5', 4),
(112, 'Opel', 'niebieski', 45915, 16278, 7140, '1.2', 5),
(113, 'Fiat', 'zielony', 67949, 40891, 8466, '0.0', 8),
(114, 'BMW', 'niebieski', 11579, 53048, 18064, '1.2', 10),
(115, 'Fiat', 'różowy', 56969, 63147, 10112, '1.2', 1),
(116, 'Fiat', 'czarny', 61187, 39290, 3080, '3.5', 6),
(117, 'Mazda', 'zielony', 46869, 5951, 5988, '1.4', 1),
(118, 'Mazda', 'różowy', 14519, 60104, 14947, '0.0', 2),
(119, 'Mercedes', 'czerwony', 11426, 51723, 16117, '3.0', 1),
(120, 'Opel', 'czarny', 49206, 74215, 692, '1.6', 2),
(121, 'Fiat', 'niebieski', 70509, 42806, 16325, '1.2', 6),
(122, 'Mazda', 'czerwony', 48267, 70042, 17373, '1.4', 3),
(123, 'Fiat', 'różowy', 5452, 28680, 15160, '1.6', 1),
(124, 'Mazda', 'różowy', 91121, 21103, 17272, '0.0', 1),
(125, 'Fiat', 'zielony', 11009, 67365, 3522, '1.4', 4),
(126, 'Mazda', 'różowy', 29229, 51539, 19467, '1.4', 9),
(127, 'BMW', 'różowy', 57505, 54604, 10626, '1.2', 6),
(128, 'Mazda', 'różowy', 73688, 89926, 8905, '1.2', 5),
(129, 'Mercedes', 'zielony', 45255, 86168, 11429, '3.0', 4),
(130, 'Mercedes', 'zielony', 80365, 91846, 6652, '1.4', 6),
(131, 'Opel', 'zielony', 13585, 95953, 5680, '1.4', 1),
(132, 'Fiat', 'zielony', 5870, 56254, 893, '1.4', 2),
(133, 'Mazda', 'czerwony', 24384, 50300, 3636, '1.2', 6),
(134, 'Mazda', 'zielony', 23226, 59773, 3363, '1.2', 10),
(135, 'Mercedes', 'czarny', 44587, 99693, 9799, '1.0', 2),
(136, 'Fiat', 'czarny', 45091, 12941, 4062, '0.0', 7),
(137, 'Opel', 'zielony', 95063, 18062, 11159, '0.0', 1),
(138, 'Fiat', 'czerwony', 8178, 79039, 15239, '3.0', 7),
(139, 'Opel', 'czerwony', 91882, 77914, 5300, '1.4', 9),
(140, 'Mercedes', 'zielony', 93810, 82481, 4757, '2.0', 7),
(141, 'Mercedes', 'niebieski', 25785, 35501, 1405, '3.0', 6),
(142, 'BMW', 'niebieski', 88282, 44416, 14921, '3.5', 7),
(143, 'Fiat', 'niebieski', 84869, 48634, 11524, '0.0', 10),
(144, 'BMW', 'różowy', 68236, 34623, 13966, '1.2', 7),
(145, 'BMW', 'czerwony', 52338, 1818, 5075, '2.0', 10),
(146, 'Opel', 'różowy', 3023, 88286, 2255, '1.8', 9),
(147, 'Opel', 'niebieski', 38224, 61236, 7676, '1.0', 7),
(148, 'Fiat', 'czerwony', 82025, 45896, 10389, '1.4', 10),
(149, 'BMW', 'zielony', 51885, 1254, 5467, '1.6', 2),
(150, 'Opel', 'czerwony', 90025, 58426, 7409, '1.4', 6),
(151, 'Mazda', 'zielony', 56030, 14672, 5276, '3.0', 8),
(152, 'BMW', 'niebieski', 1824, 12268, 13449, '1.4', 8),
(153, 'Mazda', 'różowy', 91919, 59024, 5450, '1.6', 5),
(154, 'BMW', 'czarny', 13875, 12823, 5672, '1.2', 10),
(155, 'BMW', 'czarny', 3476, 51085, 5051, '3.0', 6),
(156, 'Opel', 'niebieski', 32519, 11251, 4702, '1.4', 7),
(157, 'Opel', 'zielony', 56873, 25814, 6830, '1.6', 1),
(158, 'Mazda', 'zielony', 6753, 87743, 19259, '3.0', 5),
(159, 'Mazda', 'czerwony', 16077, 48660, 9796, '1.6', 1),
(160, 'Fiat', 'niebieski', 54634, 91203, 6450, '3.5', 5),
(161, 'BMW', 'czerwony', 54708, 75907, 16761, '1.0', 10),
(162, 'Opel', 'czarny', 87152, 46680, 7010, '1.4', 9),
(163, 'Mercedes', 'zielony', 94203, 55701, 16036, '1.2', 6),
(164, 'Fiat', 'zielony', 41729, 69249, 8228, '1.0', 1),
(165, 'Mazda', 'różowy', 68877, 33437, 18871, '2.0', 1),
(166, 'BMW', 'czarny', 70608, 88776, 18309, '1.0', 1),
(167, 'Opel', 'czerwony', 49072, 57934, 12845, '3.0', 2),
(168, 'Fiat', 'czerwony', 85323, 34127, 8712, '3.0', 10),
(169, 'BMW', 'zielony', 24378, 54191, 1526, '1.2', 10),
(170, 'Mercedes', 'czerwony', 29286, 55347, 7304, '3.5', 3),
(171, 'Mercedes', 'czarny', 11325, 32355, 19788, '0.0', 10),
(172, 'Mazda', 'różowy', 67221, 19508, 19049, '1.8', 8),
(173, 'BMW', 'różowy', 73775, 34976, 4225, '1.6', 10),
(174, 'Opel', 'różowy', 73453, 92725, 18303, '3.5', 1),
(175, 'Fiat', 'różowy', 30854, 50957, 2545, '1.8', 4),
(176, 'Mercedes', 'różowy', 91793, 88502, 9815, '3.5', 8),
(177, 'Fiat', 'zielony', 10606, 9223, 16471, '1.0', 7),
(178, 'Opel', 'niebieski', 31896, 33779, 1974, '1.0', 10),
(179, 'Opel', 'różowy', 156, 41624, 16496, '2.0', 10),
(180, 'Opel', 'różowy', 56581, 84752, 10833, '3.0', 7),
(181, 'Mazda', 'niebieski', 6042, 94198, 1298, '1.6', 1),
(182, 'BMW', 'czarny', 96800, 47141, 15405, '1.4', 7),
(183, 'Mazda', 'czerwony', 2931, 66512, 3881, '3.0', 7),
(184, 'Mercedes', 'niebieski', 84818, 60841, 4364, '1.8', 3),
(185, 'Fiat', 'niebieski', 47141, 37408, 12417, '3.5', 9),
(186, 'Mercedes', 'różowy', 9014, 3187, 19229, '1.4', 10),
(187, 'Mazda', 'różowy', 40929, 40365, 16695, '3.0', 9),
(188, 'Mercedes', 'czerwony', 2125, 29211, 16940, '1.8', 5),
(189, 'Mercedes', 'zielony', 31276, 52339, 3738, '1.2', 10),
(190, 'Opel', 'czarny', 35699, 97822, 16380, '1.8', 10),
(191, 'Mercedes', 'czarny', 75555, 58579, 17383, '3.0', 9),
(192, 'BMW', 'czerwony', 34012, 92632, 3766, '2.0', 6),
(193, 'Mazda', 'niebieski', 41580, 56764, 1381, '1.8', 9),
(194, 'Opel', 'niebieski', 94753, 8811, 13530, '3.5', 8),
(195, 'Mazda', 'czarny', 47310, 44206, 13286, '3.5', 3),
(196, 'Fiat', 'czerwony', 65157, 92076, 10843, '3.5', 3),
(197, 'Opel', 'czarny', 11768, 2406, 4242, '1.6', 7),
(198, 'Opel', 'czarny', 34176, 74167, 8396, '2.0', 4),
(199, 'Mercedes', 'różowy', 14872, 44202, 15998, '1.2', 3),
(200, 'Mercedes', 'różowy', 50453, 4213, 10789, '1.2', 7);

-- --------------------------------------------------------

--
-- Struktura tabeli dla tabeli `klient`
--

CREATE TABLE IF NOT EXISTS `klient` (
  `id` int(11) NOT NULL,
  `imie` varchar(45) NOT NULL,
  `nazw` varchar(45) NOT NULL,
  PRIMARY KEY (`id`)
) ENGINE=InnoDB DEFAULT CHARSET=utf8;

--
-- Zrzut danych tabeli `klient`
--

INSERT INTO `klient` (`id`, `imie`, `nazw`) VALUES
(1, 'Yardley', 'Roman'),
(2, 'Luke', 'Velasquez'),
(3, 'Dillon', 'Guerra'),
(4, 'Samuel', 'Mcmahon'),
(5, 'Christopher', 'Moody'),
(6, 'Dante', 'Peck'),
(7, 'Hedley', 'Warren'),
(8, 'Igor', 'Barron'),
(9, 'Mufutau', 'Peters'),
(10, 'Guy', 'Sherman'),
(11, 'Mufutau', 'Tanner'),
(12, 'Darius', 'Woods'),
(13, 'Lucian', 'Mosley'),
(14, 'Kermit', 'Hudson'),
(15, 'Ethan', 'Salas'),
(16, 'Keegan', 'Gomez'),
(17, 'Bert', 'Rodriguez'),
(18, 'Kennedy', 'Mckay'),
(19, 'Joel', 'Townsend'),
(20, 'Maxwell', 'Dale'),
(21, 'Edward', 'Rocha'),
(22, 'Lane', 'Adkins'),
(23, 'Declan', 'Fernandez'),
(24, 'Jonas', 'Herrera'),
(25, 'Lewis', 'Wise'),
(26, 'Jerry', 'Ingram'),
(27, 'Armand', 'Soto'),
(28, 'Dustin', 'Richardson'),
(29, 'Ashton', 'Bryant'),
(30, 'Mannix', 'Randolph'),
(31, 'Reed', 'Nolan'),
(32, 'Nissim', 'Noel'),
(33, 'Yasir', 'Lee'),
(34, 'Griffith', 'Reyes'),
(35, 'Carlos', 'Klein'),
(36, 'Micah', 'Dominguez'),
(37, 'Nathaniel', 'Russell'),
(38, 'Noble', 'Moses'),
(39, 'Joshua', 'Hogan'),
(40, 'Elliott', 'Lester');

-- --------------------------------------------------------

--
-- Struktura tabeli dla tabeli `komis`
--

CREATE TABLE IF NOT EXISTS `komis` (
  `id` int(11) NOT NULL,
  `miasto` varchar(45) NOT NULL,
  `nazwa` varchar(45) NOT NULL,
  PRIMARY KEY (`id`)
) ENGINE=InnoDB DEFAULT CHARSET=utf8;

--
-- Zrzut danych tabeli `komis`
--

INSERT INTO `komis` (`id`, `miasto`, `nazwa`) VALUES
(1, 'Warszawa', 'Lorem Ipsum '),
(2, 'Gdańsk', 'Dolor'),
(3, 'Poznań', 'Corporation'),
(4, 'Opole', 'Sodales'),
(5, 'Wrocław', 'Institute'),
(6, 'Kraków', 'Industries'),
(7, 'Opole', 'Magnis'),
(8, 'Suwałki', 'Donec');

-- --------------------------------------------------------

--
-- Struktura tabeli dla tabeli `umowa`
--

CREATE TABLE IF NOT EXISTS `umowa` (
  `sprzedajacy_id` int(11) NOT NULL,
  `kupujacy_id` int(11) NOT NULL,
  `auto_id` int(11) NOT NULL,
  `komis_id` int(11) NOT NULL,
  PRIMARY KEY (`sprzedajacy_id`,`kupujacy_id`,`auto_id`,`komis_id`)
) ENGINE=InnoDB DEFAULT CHARSET=utf8;

--
-- Zrzut danych tabeli `umowa`
--

INSERT INTO `umowa` (`sprzedajacy_id`, `kupujacy_id`, `auto_id`, `komis_id`) VALUES
(1, 5, 152, 4),
(1, 30, 97, 4),
(1, 37, 164, 1),
(2, 12, 127, 6),
(2, 45, 52, 6),
(3, 10, 198, 6),
(3, 12, 39, 8),
(3, 15, 105, 5),
(3, 26, 192, 8),
(4, 4, 137, 3),
(4, 19, 56, 9),
(4, 20, 190, 6),
(4, 30, 12, 10),
(4, 39, 142, 7),
(4, 45, 55, 7),
(5, 8, 138, 10),
(5, 10, 171, 3),
(5, 15, 174, 3),
(5, 19, 165, 9),
(5, 24, 186, 7),
(5, 27, 46, 5),
(5, 44, 32, 10),
(6, 3, 124, 8),
(6, 12, 75, 10),
(6, 14, 40, 7),
(6, 17, 17, 10),
(6, 18, 24, 5),
(6, 36, 86, 10),
(7, 11, 169, 5),
(7, 14, 74, 3),
(7, 17, 135, 5),
(7, 28, 184, 6),
(8, 15, 118, 4),
(8, 18, 9, 5),
(8, 18, 101, 5),
(8, 22, 117, 8),
(8, 23, 107, 8),
(8, 27, 146, 6),
(8, 28, 43, 4),
(8, 36, 58, 9),
(9, 3, 87, 1),
(9, 6, 157, 8),
(9, 9, 3, 4),
(10, 18, 123, 3),
(10, 26, 99, 8),
(10, 29, 125, 5),
(10, 36, 163, 9),
(11, 8, 64, 9),
(11, 27, 66, 6),
(11, 43, 44, 9),
(12, 8, 156, 5),
(12, 10, 141, 3),
(13, 3, 93, 10),
(13, 12, 185, 9),
(13, 21, 69, 9),
(13, 38, 172, 9),
(14, 2, 177, 2),
(14, 4, 196, 2),
(14, 5, 14, 10),
(14, 13, 129, 9),
(14, 18, 35, 9),
(14, 30, 61, 3),
(14, 38, 126, 3),
(15, 14, 49, 10),
(15, 25, 13, 2),
(15, 45, 5, 4),
(16, 7, 109, 4),
(16, 11, 150, 2),
(16, 32, 76, 4),
(16, 32, 136, 4),
(16, 44, 79, 8),
(16, 45, 115, 3),
(17, 21, 183, 5),
(17, 27, 194, 9),
(17, 33, 173, 10),
(17, 39, 95, 9),
(18, 3, 199, 2),
(18, 39, 33, 7),
(19, 11, 189, 10),
(19, 18, 31, 3),
(19, 20, 94, 8),
(19, 37, 112, 2),
(19, 38, 71, 9),
(19, 40, 88, 4),
(20, 8, 50, 9),
(20, 11, 128, 5),
(20, 23, 176, 10),
(20, 32, 78, 5),
(21, 1, 18, 3),
(21, 2, 122, 1),
(21, 17, 140, 3),
(21, 23, 151, 4),
(21, 24, 48, 9),
(21, 27, 193, 9),
(21, 42, 30, 7),
(21, 44, 131, 9),
(22, 19, 119, 2),
(22, 22, 53, 1),
(22, 29, 175, 5),
(22, 31, 91, 6),
(22, 39, 54, 1),
(23, 2, 178, 8),
(23, 11, 139, 5),
(23, 22, 144, 6),
(23, 23, 7, 10),
(23, 33, 100, 6),
(24, 15, 90, 10),
(24, 19, 197, 8),
(24, 25, 36, 1),
(25, 6, 57, 9),
(25, 7, 170, 1),
(25, 13, 113, 5),
(25, 13, 160, 5),
(25, 22, 8, 10),
(25, 23, 110, 2),
(25, 24, 68, 6),
(25, 26, 92, 1),
(25, 32, 38, 2),
(26, 5, 188, 5),
(26, 16, 187, 1),
(26, 28, 85, 7),
(26, 33, 103, 1),
(26, 34, 65, 5),
(26, 40, 106, 9),
(27, 5, 72, 9),
(28, 14, 29, 5),
(28, 16, 21, 8),
(28, 16, 154, 3),
(28, 27, 26, 7),
(28, 35, 19, 5),
(28, 42, 83, 3),
(29, 9, 153, 3),
(29, 13, 149, 10),
(29, 25, 59, 9),
(29, 27, 96, 8),
(30, 36, 16, 5),
(30, 37, 167, 4),
(30, 39, 2, 4),
(31, 42, 15, 10),
(31, 45, 28, 1),
(32, 2, 130, 3),
(32, 6, 11, 5),
(32, 25, 121, 9),
(32, 33, 195, 5),
(32, 38, 37, 6),
(33, 37, 34, 4),
(33, 39, 6, 5),
(33, 41, 62, 4),
(33, 43, 104, 9),
(34, 5, 114, 5),
(34, 10, 41, 1),
(34, 30, 51, 8),
(34, 30, 89, 10),
(35, 3, 108, 3),
(35, 7, 67, 8),
(35, 7, 116, 2),
(35, 9, 168, 10),
(35, 10, 4, 8),
(35, 29, 111, 3),
(35, 36, 191, 5),
(36, 5, 47, 2),
(36, 6, 133, 6),
(36, 16, 45, 4),
(36, 20, 20, 9),
(36, 31, 158, 3),
(36, 42, 181, 1),
(36, 43, 77, 1),
(37, 19, 25, 10),
(37, 24, 80, 8),
(37, 27, 98, 1),
(37, 37, 82, 10),
(37, 43, 1, 6),
(38, 2, 81, 3),
(38, 13, 182, 2),
(38, 16, 70, 9),
(38, 16, 179, 6),
(38, 38, 22, 7),
(38, 43, 23, 8),
(39, 15, 27, 2),
(39, 19, 73, 2),
(39, 44, 161, 4),
(40, 2, 143, 4),
(40, 15, 162, 8),
(41, 9, 84, 4),
(41, 18, 159, 6),
(41, 21, 10, 5),
(41, 24, 145, 2),
(42, 18, 148, 9),
(42, 19, 155, 4),
(42, 21, 134, 9),
(42, 28, 180, 5),
(43, 11, 166, 8),
(43, 15, 60, 3),
(43, 41, 147, 7),
(43, 44, 120, 6),
(44, 19, 63, 3),
(44, 44, 200, 6),
(45, 4, 42, 2),
(45, 6, 132, 8),
(45, 44, 102, 2),
(10000, 5555, 0, 0);

-- --------------------------------------------------------

--
-- Struktura tabeli dla tabeli `wojewodztwo`
--

CREATE TABLE IF NOT EXISTS `wojewodztwo` (
  `id` mediumint(9) NOT NULL AUTO_INCREMENT,
  `nazwa` varchar(50) DEFAULT NULL,
  PRIMARY KEY (`id`)
) ENGINE=InnoDB DEFAULT CHARSET=utf8 AUTO_INCREMENT=1 ;

/*!40101 SET CHARACTER_SET_CLIENT=@OLD_CHARACTER_SET_CLIENT */;
/*!40101 SET CHARACTER_SET_RESULTS=@OLD_CHARACTER_SET_RESULTS */;
/*!40101 SET COLLATION_CONNECTION=@OLD_COLLATION_CONNECTION */;
